{
    "features": [
        "newbalanceOrig",
        "oldbalanceOrg",
        "type_encoded",
        "amount",
        "newbalanceDest",
        "step",
        "oldbalanceDest"
    ],
    "importance": [
        0.8677831888198853,
        0.05855058133602142,
        0.029932111501693726,
        0.022968312725424767,
        0.012840206734836102,
        0.00612550787627697,
        0.001800073659978807
    ],
    "importance_percentage": [
        86.7783203125,
        5.855058193206787,
        2.993211269378662,
        2.2968313694000244,
        1.2840206623077393,
        0.6125507950782776,
        0.18000736832618713
    ]
}